{"config": {"view": {"continuousWidth": 400, "continuousHeight": 300}}, "data": {"url": "https://vega.github.io/vega-datasets/data/us-10m.json", "format": {"feature": "states", "type": "topojson"}}, "mark": "geoshape", "encoding": {"color": {"type": "quantitative", "field": "pct_diff_from_mean", "scale": {"domain": [-7.81, 6.41], "scheme": "purplegreen"}, "title": "% Diff. from Nat. Average"}}, "height": 300, "projection": {"type": "albersUsa"}, "selection": {"year": {"type": "single", "fields": ["year"], "init": {"year": "2015"}, "bind": {"input": "select", "options": ["2015", "2016", "2017"], "name": "Select Year:"}}}, "title": {"text": "US Households with Computer Access (incl. smartphone)", "subtitle": "(National Average: X % )"}, "transform": [{"lookup": "id", "from": {"data": {"name": "data-d3dfae1d086642b0111039e4ed95d73d"}, "key": "id", "fields": ["2015", "2016", "2017"]}}, {"fold": ["2015", "2016", "2017"], "as": ["year", "pct_diff_from_mean"]}, {"filter": {"selection": "year"}}], "width": 500, "$schema": "https://vega.github.io/schema/vega-lite/v4.0.2.json", "datasets": {"data-d3dfae1d086642b0111039e4ed95d73d": [{"id": 1, "2015": -5.89, "2016": -4.99, "2017": -4.36}, {"id": 2, "2015": 5.31, "2016": 5.5, "2017": 4.09}, {"id": 4, "2015": 1.02, "2016": 2.14, "2017": 1.97}, {"id": 5, "2015": -4.9, "2016": -4.42, "2017": -4.24}, {"id": 6, "2015": 3.15, "2016": 3.22, "2017": 3.18}, {"id": 8, "2015": 4.63, "2016": 4.54, "2017": 3.93}, {"id": 9, "2015": 1.75, "2016": 0.56, "2017": 0.88}, {"id": 10, "2015": 0.87, "2016": 2.18, "2017": 3.16}, {"id": 11, "2015": 2.73, "2016": 1.28, "2017": 1.75}, {"id": 12, "2015": 0.86, "2016": 1.24, "2017": 1.66}, {"id": 13, "2015": 0.2, "2016": 0.54, "2017": 0.54}, {"id": 15, "2015": 2.57, "2016": 2.37, "2017": 0.66}, {"id": 16, "2015": 2.23, "2016": 0.2, "2017": 0.78}, {"id": 17, "2015": -0.23, "2016": 0.14, "2017": -0.01}, {"id": 18, "2015": -1.59, "2016": -1.08, "2017": -1.39}, {"id": 19, "2015": -1.16, "2016": -1.0, "2017": -0.29}, {"id": 20, "2015": -0.68, "2016": -0.35, "2017": 0.53}, {"id": 21, "2015": -4.63, "2016": -4.01, "2017": -4.16}, {"id": 22, "2015": -5.75, "2016": -4.42, "2017": -4.4}, {"id": 23, "2015": -0.16, "2016": 0.15, "2017": -0.64}, {"id": 24, "2015": 3.46, "2016": 2.76, "2017": 2.76}, {"id": 25, "2015": 2.7, "2016": 1.65, "2017": 1.09}, {"id": 26, "2015": -0.45, "2016": -0.59, "2017": -0.37}, {"id": 27, "2015": 2.63, "2016": 1.44, "2017": 1.77}, {"id": 28, "2015": -7.81, "2016": -6.67, "2017": -5.92}, {"id": 29, "2015": -1.09, "2016": -0.62, "2017": -0.56}, {"id": 30, "2015": -1.06, "2016": -1.09, "2017": -2.71}, {"id": 31, "2015": 0.63, "2016": -1.1, "2017": 0.9}, {"id": 32, "2015": 2.93, "2016": 2.27, "2017": 2.9}, {"id": 33, "2015": 4.4, "2016": 3.01, "2017": 3.66}, {"id": 34, "2015": 1.57, "2016": 1.68, "2017": 2.24}, {"id": 35, "2015": -5.9, "2016": -4.09, "2017": -4.51}, {"id": 36, "2015": -0.19, "2016": -0.3, "2017": -0.26}, {"id": 37, "2015": -1.56, "2016": -0.86, "2017": -0.79}, {"id": 38, "2015": -0.08, "2016": 0.66, "2017": 0.03}, {"id": 39, "2015": -1.07, "2016": -1.0, "2017": -0.71}, {"id": 40, "2015": -2.97, "2016": -1.7, "2017": -0.91}, {"id": 41, "2015": 4.24, "2016": 2.71, "2017": 2.9}, {"id": 42, "2015": -2.06, "2016": -2.09, "2017": -2.34}, {"id": 44, "2015": 0.25, "2016": -0.83, "2017": -0.62}, {"id": 45, "2015": -3.23, "2016": -2.01, "2017": -1.8}, {"id": 46, "2015": -1.21, "2016": -1.06, "2017": -2.73}, {"id": 47, "2015": -3.95, "2016": -3.35, "2017": -2.73}, {"id": 48, "2015": 0.05, "2016": 1.08, "2017": 1.44}, {"id": 49, "2015": 6.41, "2016": 5.31, "2017": 5.26}, {"id": 50, "2015": 1.22, "2016": -0.05, "2017": -1.35}, {"id": 51, "2015": 1.61, "2016": 1.77, "2017": 1.35}, {"id": 53, "2015": 4.77, "2016": 4.06, "2017": 3.88}, {"id": 54, "2015": -6.74, "2016": -6.17, "2017": -5.58}, {"id": 55, "2015": -0.32, "2016": -0.11, "2017": -1.01}, {"id": 56, "2015": 2.5, "2016": 1.48, "2017": 1.08}]}}