{"config": {"view": {"continuousWidth": 400, "continuousHeight": 300}}, "data": {"name": "data-74ee78083f5bf7854c5fd6ad2c256d40"}, "facet": {"type": "nominal", "field": "state_abbr", "title": ""}, "spec": {"mark": "circle", "encoding": {"color": {"type": "nominal", "field": "level_ind", "title": "Level of Data"}, "x": {"type": "ordinal", "field": "year"}, "y": {"type": "quantitative", "field": "pct_value", "scale": {"domain": [80, 100]}, "title": ""}}, "height": 60, "width": 60}, "columns": 7, "title": {"text": ["State by State Estimates of Households w/ Computer Access"], "subtitle": ["National Averages shown for reference"]}, "$schema": "https://vega.github.io/schema/vega-lite/v4.0.2.json", "datasets": {"data-74ee78083f5bf7854c5fd6ad2c256d40": [{"state_abbr": "AL", "year": "2015", "pct_diff_from_mean": -5.89, "pct_value": 80.74, "level_ind": "State"}, {"state_abbr": "AK", "year": "2015", "pct_diff_from_mean": 5.31, "pct_value": 91.93, "level_ind": "State"}, {"state_abbr": "AZ", "year": "2015", "pct_diff_from_mean": 1.02, "pct_value": 87.64, "level_ind": "State"}, {"state_abbr": "AR", "year": "2015", "pct_diff_from_mean": -4.9, "pct_value": 81.72, "level_ind": "State"}, {"state_abbr": "CA", "year": "2015", "pct_diff_from_mean": 3.15, "pct_value": 89.77, "level_ind": "State"}, {"state_abbr": "CO", "year": "2015", "pct_diff_from_mean": 4.63, "pct_value": 91.25, "level_ind": "State"}, {"state_abbr": "CT", "year": "2015", "pct_diff_from_mean": 1.75, "pct_value": 88.38, "level_ind": "State"}, {"state_abbr": "DE", "year": "2015", "pct_diff_from_mean": 0.87, "pct_value": 87.49, "level_ind": "State"}, {"state_abbr": "DC", "year": "2015", "pct_diff_from_mean": 2.73, "pct_value": 89.35, "level_ind": "State"}, {"state_abbr": "FL", "year": "2015", "pct_diff_from_mean": 0.86, "pct_value": 87.49, "level_ind": "State"}, {"state_abbr": "GA", "year": "2015", "pct_diff_from_mean": 0.2, "pct_value": 86.82, "level_ind": "State"}, {"state_abbr": "HI", "year": "2015", "pct_diff_from_mean": 2.57, "pct_value": 89.19, "level_ind": "State"}, {"state_abbr": "ID", "year": "2015", "pct_diff_from_mean": 2.23, "pct_value": 88.85, "level_ind": "State"}, {"state_abbr": "IL", "year": "2015", "pct_diff_from_mean": -0.23, "pct_value": 86.39, "level_ind": "State"}, {"state_abbr": "IN", "year": "2015", "pct_diff_from_mean": -1.59, "pct_value": 85.03, "level_ind": "State"}, {"state_abbr": "IA", "year": "2015", "pct_diff_from_mean": -1.16, "pct_value": 85.46, "level_ind": "State"}, {"state_abbr": "KS", "year": "2015", "pct_diff_from_mean": -0.68, "pct_value": 85.94, "level_ind": "State"}, {"state_abbr": "KY", "year": "2015", "pct_diff_from_mean": -4.63, "pct_value": 82.0, "level_ind": "State"}, {"state_abbr": "LA", "year": "2015", "pct_diff_from_mean": -5.75, "pct_value": 80.87, "level_ind": "State"}, {"state_abbr": "ME", "year": "2015", "pct_diff_from_mean": -0.16, "pct_value": 86.46, "level_ind": "State"}, {"state_abbr": "MD", "year": "2015", "pct_diff_from_mean": 3.46, "pct_value": 90.08, "level_ind": "State"}, {"state_abbr": "MA", "year": "2015", "pct_diff_from_mean": 2.7, "pct_value": 89.32, "level_ind": "State"}, {"state_abbr": "MI", "year": "2015", "pct_diff_from_mean": -0.45, "pct_value": 86.17, "level_ind": "State"}, {"state_abbr": "MN", "year": "2015", "pct_diff_from_mean": 2.63, "pct_value": 89.25, "level_ind": "State"}, {"state_abbr": "MS", "year": "2015", "pct_diff_from_mean": -7.81, "pct_value": 78.81, "level_ind": "State"}, {"state_abbr": "MO", "year": "2015", "pct_diff_from_mean": -1.09, "pct_value": 85.53, "level_ind": "State"}, {"state_abbr": "MT", "year": "2015", "pct_diff_from_mean": -1.06, "pct_value": 85.56, "level_ind": "State"}, {"state_abbr": "NE", "year": "2015", "pct_diff_from_mean": 0.63, "pct_value": 87.25, "level_ind": "State"}, {"state_abbr": "NV", "year": "2015", "pct_diff_from_mean": 2.93, "pct_value": 89.55, "level_ind": "State"}, {"state_abbr": "NH", "year": "2015", "pct_diff_from_mean": 4.4, "pct_value": 91.02, "level_ind": "State"}, {"state_abbr": "NJ", "year": "2015", "pct_diff_from_mean": 1.57, "pct_value": 88.19, "level_ind": "State"}, {"state_abbr": "NM", "year": "2015", "pct_diff_from_mean": -5.9, "pct_value": 80.72, "level_ind": "State"}, {"state_abbr": "NY", "year": "2015", "pct_diff_from_mean": -0.19, "pct_value": 86.43, "level_ind": "State"}, {"state_abbr": "NC", "year": "2015", "pct_diff_from_mean": -1.56, "pct_value": 85.06, "level_ind": "State"}, {"state_abbr": "ND", "year": "2015", "pct_diff_from_mean": -0.08, "pct_value": 86.54, "level_ind": "State"}, {"state_abbr": "OH", "year": "2015", "pct_diff_from_mean": -1.07, "pct_value": 85.55, "level_ind": "State"}, {"state_abbr": "OK", "year": "2015", "pct_diff_from_mean": -2.97, "pct_value": 83.66, "level_ind": "State"}, {"state_abbr": "OR", "year": "2015", "pct_diff_from_mean": 4.24, "pct_value": 90.86, "level_ind": "State"}, {"state_abbr": "PA", "year": "2015", "pct_diff_from_mean": -2.06, "pct_value": 84.56, "level_ind": "State"}, {"state_abbr": "RI", "year": "2015", "pct_diff_from_mean": 0.25, "pct_value": 86.87, "level_ind": "State"}, {"state_abbr": "SC", "year": "2015", "pct_diff_from_mean": -3.23, "pct_value": 83.39, "level_ind": "State"}, {"state_abbr": "SD", "year": "2015", "pct_diff_from_mean": -1.21, "pct_value": 85.42, "level_ind": "State"}, {"state_abbr": "TN", "year": "2015", "pct_diff_from_mean": -3.95, "pct_value": 82.67, "level_ind": "State"}, {"state_abbr": "TX", "year": "2015", "pct_diff_from_mean": 0.05, "pct_value": 86.67, "level_ind": "State"}, {"state_abbr": "UT", "year": "2015", "pct_diff_from_mean": 6.41, "pct_value": 93.03, "level_ind": "State"}, {"state_abbr": "VT", "year": "2015", "pct_diff_from_mean": 1.22, "pct_value": 87.84, "level_ind": "State"}, {"state_abbr": "VA", "year": "2015", "pct_diff_from_mean": 1.61, "pct_value": 88.23, "level_ind": "State"}, {"state_abbr": "WA", "year": "2015", "pct_diff_from_mean": 4.77, "pct_value": 91.39, "level_ind": "State"}, {"state_abbr": "WV", "year": "2015", "pct_diff_from_mean": -6.74, "pct_value": 79.88, "level_ind": "State"}, {"state_abbr": "WI", "year": "2015", "pct_diff_from_mean": -0.32, "pct_value": 86.3, "level_ind": "State"}, {"state_abbr": "WY", "year": "2015", "pct_diff_from_mean": 2.5, "pct_value": 89.12, "level_ind": "State"}, {"state_abbr": "AL", "year": "2016", "pct_diff_from_mean": -4.99, "pct_value": 83.91, "level_ind": "State"}, {"state_abbr": "AK", "year": "2016", "pct_diff_from_mean": 5.5, "pct_value": 94.41, "level_ind": "State"}, {"state_abbr": "AZ", "year": "2016", "pct_diff_from_mean": 2.14, "pct_value": 91.04, "level_ind": "State"}, {"state_abbr": "AR", "year": "2016", "pct_diff_from_mean": -4.42, "pct_value": 84.48, "level_ind": "State"}, {"state_abbr": "CA", "year": "2016", "pct_diff_from_mean": 3.22, "pct_value": 92.12, "level_ind": "State"}, {"state_abbr": "CO", "year": "2016", "pct_diff_from_mean": 4.54, "pct_value": 93.44, "level_ind": "State"}, {"state_abbr": "CT", "year": "2016", "pct_diff_from_mean": 0.56, "pct_value": 89.46, "level_ind": "State"}, {"state_abbr": "DE", "year": "2016", "pct_diff_from_mean": 2.18, "pct_value": 91.09, "level_ind": "State"}, {"state_abbr": "DC", "year": "2016", "pct_diff_from_mean": 1.28, "pct_value": 90.18, "level_ind": "State"}, {"state_abbr": "FL", "year": "2016", "pct_diff_from_mean": 1.24, "pct_value": 90.15, "level_ind": "State"}, {"state_abbr": "GA", "year": "2016", "pct_diff_from_mean": 0.54, "pct_value": 89.45, "level_ind": "State"}, {"state_abbr": "HI", "year": "2016", "pct_diff_from_mean": 2.37, "pct_value": 91.27, "level_ind": "State"}, {"state_abbr": "ID", "year": "2016", "pct_diff_from_mean": 0.2, "pct_value": 89.1, "level_ind": "State"}, {"state_abbr": "IL", "year": "2016", "pct_diff_from_mean": 0.14, "pct_value": 89.04, "level_ind": "State"}, {"state_abbr": "IN", "year": "2016", "pct_diff_from_mean": -1.08, "pct_value": 87.82, "level_ind": "State"}, {"state_abbr": "IA", "year": "2016", "pct_diff_from_mean": -1.0, "pct_value": 87.9, "level_ind": "State"}, {"state_abbr": "KS", "year": "2016", "pct_diff_from_mean": -0.35, "pct_value": 88.55, "level_ind": "State"}, {"state_abbr": "KY", "year": "2016", "pct_diff_from_mean": -4.01, "pct_value": 84.89, "level_ind": "State"}, {"state_abbr": "LA", "year": "2016", "pct_diff_from_mean": -4.42, "pct_value": 84.48, "level_ind": "State"}, {"state_abbr": "ME", "year": "2016", "pct_diff_from_mean": 0.15, "pct_value": 89.05, "level_ind": "State"}, {"state_abbr": "MD", "year": "2016", "pct_diff_from_mean": 2.76, "pct_value": 91.66, "level_ind": "State"}, {"state_abbr": "MA", "year": "2016", "pct_diff_from_mean": 1.65, "pct_value": 90.55, "level_ind": "State"}, {"state_abbr": "MI", "year": "2016", "pct_diff_from_mean": -0.59, "pct_value": 88.31, "level_ind": "State"}, {"state_abbr": "MN", "year": "2016", "pct_diff_from_mean": 1.44, "pct_value": 90.34, "level_ind": "State"}, {"state_abbr": "MS", "year": "2016", "pct_diff_from_mean": -6.67, "pct_value": 82.23, "level_ind": "State"}, {"state_abbr": "MO", "year": "2016", "pct_diff_from_mean": -0.62, "pct_value": 88.29, "level_ind": "State"}, {"state_abbr": "MT", "year": "2016", "pct_diff_from_mean": -1.09, "pct_value": 87.82, "level_ind": "State"}, {"state_abbr": "NE", "year": "2016", "pct_diff_from_mean": -1.1, "pct_value": 87.8, "level_ind": "State"}, {"state_abbr": "NV", "year": "2016", "pct_diff_from_mean": 2.27, "pct_value": 91.18, "level_ind": "State"}, {"state_abbr": "NH", "year": "2016", "pct_diff_from_mean": 3.01, "pct_value": 91.91, "level_ind": "State"}, {"state_abbr": "NJ", "year": "2016", "pct_diff_from_mean": 1.68, "pct_value": 90.59, "level_ind": "State"}, {"state_abbr": "NM", "year": "2016", "pct_diff_from_mean": -4.09, "pct_value": 84.81, "level_ind": "State"}, {"state_abbr": "NY", "year": "2016", "pct_diff_from_mean": -0.3, "pct_value": 88.6, "level_ind": "State"}, {"state_abbr": "NC", "year": "2016", "pct_diff_from_mean": -0.86, "pct_value": 88.04, "level_ind": "State"}, {"state_abbr": "ND", "year": "2016", "pct_diff_from_mean": 0.66, "pct_value": 89.56, "level_ind": "State"}, {"state_abbr": "OH", "year": "2016", "pct_diff_from_mean": -1.0, "pct_value": 87.9, "level_ind": "State"}, {"state_abbr": "OK", "year": "2016", "pct_diff_from_mean": -1.7, "pct_value": 87.2, "level_ind": "State"}, {"state_abbr": "OR", "year": "2016", "pct_diff_from_mean": 2.71, "pct_value": 91.61, "level_ind": "State"}, {"state_abbr": "PA", "year": "2016", "pct_diff_from_mean": -2.09, "pct_value": 86.82, "level_ind": "State"}, {"state_abbr": "RI", "year": "2016", "pct_diff_from_mean": -0.83, "pct_value": 88.07, "level_ind": "State"}, {"state_abbr": "SC", "year": "2016", "pct_diff_from_mean": -2.01, "pct_value": 86.89, "level_ind": "State"}, {"state_abbr": "SD", "year": "2016", "pct_diff_from_mean": -1.06, "pct_value": 87.84, "level_ind": "State"}, {"state_abbr": "TN", "year": "2016", "pct_diff_from_mean": -3.35, "pct_value": 85.56, "level_ind": "State"}, {"state_abbr": "TX", "year": "2016", "pct_diff_from_mean": 1.08, "pct_value": 89.99, "level_ind": "State"}, {"state_abbr": "UT", "year": "2016", "pct_diff_from_mean": 5.31, "pct_value": 94.21, "level_ind": "State"}, {"state_abbr": "VT", "year": "2016", "pct_diff_from_mean": -0.05, "pct_value": 88.85, "level_ind": "State"}, {"state_abbr": "VA", "year": "2016", "pct_diff_from_mean": 1.77, "pct_value": 90.68, "level_ind": "State"}, {"state_abbr": "WA", "year": "2016", "pct_diff_from_mean": 4.06, "pct_value": 92.97, "level_ind": "State"}, {"state_abbr": "WV", "year": "2016", "pct_diff_from_mean": -6.17, "pct_value": 82.73, "level_ind": "State"}, {"state_abbr": "WI", "year": "2016", "pct_diff_from_mean": -0.11, "pct_value": 88.79, "level_ind": "State"}, {"state_abbr": "WY", "year": "2016", "pct_diff_from_mean": 1.48, "pct_value": 90.38, "level_ind": "State"}, {"state_abbr": "AL", "year": "2017", "pct_diff_from_mean": -4.36, "pct_value": 85.97, "level_ind": "State"}, {"state_abbr": "AK", "year": "2017", "pct_diff_from_mean": 4.09, "pct_value": 94.42, "level_ind": "State"}, {"state_abbr": "AZ", "year": "2017", "pct_diff_from_mean": 1.97, "pct_value": 92.3, "level_ind": "State"}, {"state_abbr": "AR", "year": "2017", "pct_diff_from_mean": -4.24, "pct_value": 86.09, "level_ind": "State"}, {"state_abbr": "CA", "year": "2017", "pct_diff_from_mean": 3.18, "pct_value": 93.51, "level_ind": "State"}, {"state_abbr": "CO", "year": "2017", "pct_diff_from_mean": 3.93, "pct_value": 94.26, "level_ind": "State"}, {"state_abbr": "CT", "year": "2017", "pct_diff_from_mean": 0.88, "pct_value": 91.21, "level_ind": "State"}, {"state_abbr": "DE", "year": "2017", "pct_diff_from_mean": 3.16, "pct_value": 93.49, "level_ind": "State"}, {"state_abbr": "DC", "year": "2017", "pct_diff_from_mean": 1.75, "pct_value": 92.08, "level_ind": "State"}, {"state_abbr": "FL", "year": "2017", "pct_diff_from_mean": 1.66, "pct_value": 91.99, "level_ind": "State"}, {"state_abbr": "GA", "year": "2017", "pct_diff_from_mean": 0.54, "pct_value": 90.87, "level_ind": "State"}, {"state_abbr": "HI", "year": "2017", "pct_diff_from_mean": 0.66, "pct_value": 90.98, "level_ind": "State"}, {"state_abbr": "ID", "year": "2017", "pct_diff_from_mean": 0.78, "pct_value": 91.11, "level_ind": "State"}, {"state_abbr": "IL", "year": "2017", "pct_diff_from_mean": -0.01, "pct_value": 90.32, "level_ind": "State"}, {"state_abbr": "IN", "year": "2017", "pct_diff_from_mean": -1.39, "pct_value": 88.94, "level_ind": "State"}, {"state_abbr": "IA", "year": "2017", "pct_diff_from_mean": -0.29, "pct_value": 90.04, "level_ind": "State"}, {"state_abbr": "KS", "year": "2017", "pct_diff_from_mean": 0.53, "pct_value": 90.86, "level_ind": "State"}, {"state_abbr": "KY", "year": "2017", "pct_diff_from_mean": -4.16, "pct_value": 86.17, "level_ind": "State"}, {"state_abbr": "LA", "year": "2017", "pct_diff_from_mean": -4.4, "pct_value": 85.93, "level_ind": "State"}, {"state_abbr": "ME", "year": "2017", "pct_diff_from_mean": -0.64, "pct_value": 89.69, "level_ind": "State"}, {"state_abbr": "MD", "year": "2017", "pct_diff_from_mean": 2.76, "pct_value": 93.09, "level_ind": "State"}, {"state_abbr": "MA", "year": "2017", "pct_diff_from_mean": 1.09, "pct_value": 91.42, "level_ind": "State"}, {"state_abbr": "MI", "year": "2017", "pct_diff_from_mean": -0.37, "pct_value": 89.95, "level_ind": "State"}, {"state_abbr": "MN", "year": "2017", "pct_diff_from_mean": 1.77, "pct_value": 92.09, "level_ind": "State"}, {"state_abbr": "MS", "year": "2017", "pct_diff_from_mean": -5.92, "pct_value": 84.4, "level_ind": "State"}, {"state_abbr": "MO", "year": "2017", "pct_diff_from_mean": -0.56, "pct_value": 89.77, "level_ind": "State"}, {"state_abbr": "MT", "year": "2017", "pct_diff_from_mean": -2.71, "pct_value": 87.62, "level_ind": "State"}, {"state_abbr": "NE", "year": "2017", "pct_diff_from_mean": 0.9, "pct_value": 91.23, "level_ind": "State"}, {"state_abbr": "NV", "year": "2017", "pct_diff_from_mean": 2.9, "pct_value": 93.22, "level_ind": "State"}, {"state_abbr": "NH", "year": "2017", "pct_diff_from_mean": 3.66, "pct_value": 93.99, "level_ind": "State"}, {"state_abbr": "NJ", "year": "2017", "pct_diff_from_mean": 2.24, "pct_value": 92.57, "level_ind": "State"}, {"state_abbr": "NM", "year": "2017", "pct_diff_from_mean": -4.51, "pct_value": 85.81, "level_ind": "State"}, {"state_abbr": "NY", "year": "2017", "pct_diff_from_mean": -0.26, "pct_value": 90.06, "level_ind": "State"}, {"state_abbr": "NC", "year": "2017", "pct_diff_from_mean": -0.79, "pct_value": 89.54, "level_ind": "State"}, {"state_abbr": "ND", "year": "2017", "pct_diff_from_mean": 0.03, "pct_value": 90.36, "level_ind": "State"}, {"state_abbr": "OH", "year": "2017", "pct_diff_from_mean": -0.71, "pct_value": 89.61, "level_ind": "State"}, {"state_abbr": "OK", "year": "2017", "pct_diff_from_mean": -0.91, "pct_value": 89.42, "level_ind": "State"}, {"state_abbr": "OR", "year": "2017", "pct_diff_from_mean": 2.9, "pct_value": 93.23, "level_ind": "State"}, {"state_abbr": "PA", "year": "2017", "pct_diff_from_mean": -2.34, "pct_value": 87.99, "level_ind": "State"}, {"state_abbr": "RI", "year": "2017", "pct_diff_from_mean": -0.62, "pct_value": 89.7, "level_ind": "State"}, {"state_abbr": "SC", "year": "2017", "pct_diff_from_mean": -1.8, "pct_value": 88.53, "level_ind": "State"}, {"state_abbr": "SD", "year": "2017", "pct_diff_from_mean": -2.73, "pct_value": 87.6, "level_ind": "State"}, {"state_abbr": "TN", "year": "2017", "pct_diff_from_mean": -2.73, "pct_value": 87.6, "level_ind": "State"}, {"state_abbr": "TX", "year": "2017", "pct_diff_from_mean": 1.44, "pct_value": 91.76, "level_ind": "State"}, {"state_abbr": "UT", "year": "2017", "pct_diff_from_mean": 5.26, "pct_value": 95.58, "level_ind": "State"}, {"state_abbr": "VT", "year": "2017", "pct_diff_from_mean": -1.35, "pct_value": 88.97, "level_ind": "State"}, {"state_abbr": "VA", "year": "2017", "pct_diff_from_mean": 1.35, "pct_value": 91.67, "level_ind": "State"}, {"state_abbr": "WA", "year": "2017", "pct_diff_from_mean": 3.88, "pct_value": 94.2, "level_ind": "State"}, {"state_abbr": "WV", "year": "2017", "pct_diff_from_mean": -5.58, "pct_value": 84.75, "level_ind": "State"}, {"state_abbr": "WI", "year": "2017", "pct_diff_from_mean": -1.01, "pct_value": 89.31, "level_ind": "State"}, {"state_abbr": "WY", "year": "2017", "pct_diff_from_mean": 1.08, "pct_value": 91.41, "level_ind": "State"}, {"state_abbr": "AL", "year": "2015", "pct_diff_from_mean": 0.0, "pct_value": 86.6, "level_ind": "National"}, {"state_abbr": "AK", "year": "2015", "pct_diff_from_mean": 0.0, "pct_value": 86.6, "level_ind": "National"}, {"state_abbr": "AZ", "year": "2015", "pct_diff_from_mean": 0.0, "pct_value": 86.6, "level_ind": "National"}, {"state_abbr": "AR", "year": "2015", "pct_diff_from_mean": 0.0, "pct_value": 86.6, "level_ind": "National"}, {"state_abbr": "CA", "year": "2015", "pct_diff_from_mean": 0.0, "pct_value": 86.6, "level_ind": "National"}, {"state_abbr": "CO", "year": "2015", "pct_diff_from_mean": 0.0, "pct_value": 86.6, "level_ind": "National"}, {"state_abbr": "CT", "year": "2015", "pct_diff_from_mean": 0.0, "pct_value": 86.6, "level_ind": "National"}, {"state_abbr": "DE", "year": "2015", "pct_diff_from_mean": 0.0, "pct_value": 86.6, "level_ind": "National"}, {"state_abbr": "DC", "year": "2015", "pct_diff_from_mean": 0.0, "pct_value": 86.6, "level_ind": "National"}, {"state_abbr": "FL", "year": "2015", "pct_diff_from_mean": 0.0, "pct_value": 86.6, "level_ind": "National"}, {"state_abbr": "GA", "year": "2015", "pct_diff_from_mean": 0.0, "pct_value": 86.6, "level_ind": "National"}, {"state_abbr": "HI", "year": "2015", "pct_diff_from_mean": 0.0, "pct_value": 86.6, "level_ind": "National"}, {"state_abbr": "ID", "year": "2015", "pct_diff_from_mean": 0.0, "pct_value": 86.6, "level_ind": "National"}, {"state_abbr": "IL", "year": "2015", "pct_diff_from_mean": 0.0, "pct_value": 86.6, "level_ind": "National"}, {"state_abbr": "IN", "year": "2015", "pct_diff_from_mean": 0.0, "pct_value": 86.6, "level_ind": "National"}, {"state_abbr": "IA", "year": "2015", "pct_diff_from_mean": 0.0, "pct_value": 86.6, "level_ind": "National"}, {"state_abbr": "KS", "year": "2015", "pct_diff_from_mean": 0.0, "pct_value": 86.6, "level_ind": "National"}, {"state_abbr": "KY", "year": "2015", "pct_diff_from_mean": 0.0, "pct_value": 86.6, "level_ind": "National"}, {"state_abbr": "LA", "year": "2015", "pct_diff_from_mean": 0.0, "pct_value": 86.6, "level_ind": "National"}, {"state_abbr": "ME", "year": "2015", "pct_diff_from_mean": 0.0, "pct_value": 86.6, "level_ind": "National"}, {"state_abbr": "MD", "year": "2015", "pct_diff_from_mean": 0.0, "pct_value": 86.6, "level_ind": "National"}, {"state_abbr": "MA", "year": "2015", "pct_diff_from_mean": 0.0, "pct_value": 86.6, "level_ind": "National"}, {"state_abbr": "MI", "year": "2015", "pct_diff_from_mean": 0.0, "pct_value": 86.6, "level_ind": "National"}, {"state_abbr": "MN", "year": "2015", "pct_diff_from_mean": 0.0, "pct_value": 86.6, "level_ind": "National"}, {"state_abbr": "MS", "year": "2015", "pct_diff_from_mean": 0.0, "pct_value": 86.6, "level_ind": "National"}, {"state_abbr": "MO", "year": "2015", "pct_diff_from_mean": 0.0, "pct_value": 86.6, "level_ind": "National"}, {"state_abbr": "MT", "year": "2015", "pct_diff_from_mean": 0.0, "pct_value": 86.6, "level_ind": "National"}, {"state_abbr": "NE", "year": "2015", "pct_diff_from_mean": 0.0, "pct_value": 86.6, "level_ind": "National"}, {"state_abbr": "NV", "year": "2015", "pct_diff_from_mean": 0.0, "pct_value": 86.6, "level_ind": "National"}, {"state_abbr": "NH", "year": "2015", "pct_diff_from_mean": 0.0, "pct_value": 86.6, "level_ind": "National"}, {"state_abbr": "NJ", "year": "2015", "pct_diff_from_mean": 0.0, "pct_value": 86.6, "level_ind": "National"}, {"state_abbr": "NM", "year": "2015", "pct_diff_from_mean": 0.0, "pct_value": 86.6, "level_ind": "National"}, {"state_abbr": "NY", "year": "2015", "pct_diff_from_mean": 0.0, "pct_value": 86.6, "level_ind": "National"}, {"state_abbr": "NC", "year": "2015", "pct_diff_from_mean": 0.0, "pct_value": 86.6, "level_ind": "National"}, {"state_abbr": "ND", "year": "2015", "pct_diff_from_mean": 0.0, "pct_value": 86.6, "level_ind": "National"}, {"state_abbr": "OH", "year": "2015", "pct_diff_from_mean": 0.0, "pct_value": 86.6, "level_ind": "National"}, {"state_abbr": "OK", "year": "2015", "pct_diff_from_mean": 0.0, "pct_value": 86.6, "level_ind": "National"}, {"state_abbr": "OR", "year": "2015", "pct_diff_from_mean": 0.0, "pct_value": 86.6, "level_ind": "National"}, {"state_abbr": "PA", "year": "2015", "pct_diff_from_mean": 0.0, "pct_value": 86.6, "level_ind": "National"}, {"state_abbr": "RI", "year": "2015", "pct_diff_from_mean": 0.0, "pct_value": 86.6, "level_ind": "National"}, {"state_abbr": "SC", "year": "2015", "pct_diff_from_mean": 0.0, "pct_value": 86.6, "level_ind": "National"}, {"state_abbr": "SD", "year": "2015", "pct_diff_from_mean": 0.0, "pct_value": 86.6, "level_ind": "National"}, {"state_abbr": "TN", "year": "2015", "pct_diff_from_mean": 0.0, "pct_value": 86.6, "level_ind": "National"}, {"state_abbr": "TX", "year": "2015", "pct_diff_from_mean": 0.0, "pct_value": 86.6, "level_ind": "National"}, {"state_abbr": "UT", "year": "2015", "pct_diff_from_mean": 0.0, "pct_value": 86.6, "level_ind": "National"}, {"state_abbr": "VT", "year": "2015", "pct_diff_from_mean": 0.0, "pct_value": 86.6, "level_ind": "National"}, {"state_abbr": "VA", "year": "2015", "pct_diff_from_mean": 0.0, "pct_value": 86.6, "level_ind": "National"}, {"state_abbr": "WA", "year": "2015", "pct_diff_from_mean": 0.0, "pct_value": 86.6, "level_ind": "National"}, {"state_abbr": "WV", "year": "2015", "pct_diff_from_mean": 0.0, "pct_value": 86.6, "level_ind": "National"}, {"state_abbr": "WI", "year": "2015", "pct_diff_from_mean": 0.0, "pct_value": 86.6, "level_ind": "National"}, {"state_abbr": "WY", "year": "2015", "pct_diff_from_mean": 0.0, "pct_value": 86.6, "level_ind": "National"}, {"state_abbr": "AL", "year": "2016", "pct_diff_from_mean": 0.0, "pct_value": 88.9, "level_ind": "National"}, {"state_abbr": "AK", "year": "2016", "pct_diff_from_mean": 0.0, "pct_value": 88.9, "level_ind": "National"}, {"state_abbr": "AZ", "year": "2016", "pct_diff_from_mean": 0.0, "pct_value": 88.9, "level_ind": "National"}, {"state_abbr": "AR", "year": "2016", "pct_diff_from_mean": 0.0, "pct_value": 88.9, "level_ind": "National"}, {"state_abbr": "CA", "year": "2016", "pct_diff_from_mean": 0.0, "pct_value": 88.9, "level_ind": "National"}, {"state_abbr": "CO", "year": "2016", "pct_diff_from_mean": 0.0, "pct_value": 88.9, "level_ind": "National"}, {"state_abbr": "CT", "year": "2016", "pct_diff_from_mean": 0.0, "pct_value": 88.9, "level_ind": "National"}, {"state_abbr": "DE", "year": "2016", "pct_diff_from_mean": 0.0, "pct_value": 88.9, "level_ind": "National"}, {"state_abbr": "DC", "year": "2016", "pct_diff_from_mean": 0.0, "pct_value": 88.9, "level_ind": "National"}, {"state_abbr": "FL", "year": "2016", "pct_diff_from_mean": 0.0, "pct_value": 88.9, "level_ind": "National"}, {"state_abbr": "GA", "year": "2016", "pct_diff_from_mean": 0.0, "pct_value": 88.9, "level_ind": "National"}, {"state_abbr": "HI", "year": "2016", "pct_diff_from_mean": 0.0, "pct_value": 88.9, "level_ind": "National"}, {"state_abbr": "ID", "year": "2016", "pct_diff_from_mean": 0.0, "pct_value": 88.9, "level_ind": "National"}, {"state_abbr": "IL", "year": "2016", "pct_diff_from_mean": 0.0, "pct_value": 88.9, "level_ind": "National"}, {"state_abbr": "IN", "year": "2016", "pct_diff_from_mean": 0.0, "pct_value": 88.9, "level_ind": "National"}, {"state_abbr": "IA", "year": "2016", "pct_diff_from_mean": 0.0, "pct_value": 88.9, "level_ind": "National"}, {"state_abbr": "KS", "year": "2016", "pct_diff_from_mean": 0.0, "pct_value": 88.9, "level_ind": "National"}, {"state_abbr": "KY", "year": "2016", "pct_diff_from_mean": 0.0, "pct_value": 88.9, "level_ind": "National"}, {"state_abbr": "LA", "year": "2016", "pct_diff_from_mean": 0.0, "pct_value": 88.9, "level_ind": "National"}, {"state_abbr": "ME", "year": "2016", "pct_diff_from_mean": 0.0, "pct_value": 88.9, "level_ind": "National"}, {"state_abbr": "MD", "year": "2016", "pct_diff_from_mean": 0.0, "pct_value": 88.9, "level_ind": "National"}, {"state_abbr": "MA", "year": "2016", "pct_diff_from_mean": 0.0, "pct_value": 88.9, "level_ind": "National"}, {"state_abbr": "MI", "year": "2016", "pct_diff_from_mean": 0.0, "pct_value": 88.9, "level_ind": "National"}, {"state_abbr": "MN", "year": "2016", "pct_diff_from_mean": 0.0, "pct_value": 88.9, "level_ind": "National"}, {"state_abbr": "MS", "year": "2016", "pct_diff_from_mean": 0.0, "pct_value": 88.9, "level_ind": "National"}, {"state_abbr": "MO", "year": "2016", "pct_diff_from_mean": 0.0, "pct_value": 88.9, "level_ind": "National"}, {"state_abbr": "MT", "year": "2016", "pct_diff_from_mean": 0.0, "pct_value": 88.9, "level_ind": "National"}, {"state_abbr": "NE", "year": "2016", "pct_diff_from_mean": 0.0, "pct_value": 88.9, "level_ind": "National"}, {"state_abbr": "NV", "year": "2016", "pct_diff_from_mean": 0.0, "pct_value": 88.9, "level_ind": "National"}, {"state_abbr": "NH", "year": "2016", "pct_diff_from_mean": 0.0, "pct_value": 88.9, "level_ind": "National"}, {"state_abbr": "NJ", "year": "2016", "pct_diff_from_mean": 0.0, "pct_value": 88.9, "level_ind": "National"}, {"state_abbr": "NM", "year": "2016", "pct_diff_from_mean": 0.0, "pct_value": 88.9, "level_ind": "National"}, {"state_abbr": "NY", "year": "2016", "pct_diff_from_mean": 0.0, "pct_value": 88.9, "level_ind": "National"}, {"state_abbr": "NC", "year": "2016", "pct_diff_from_mean": 0.0, "pct_value": 88.9, "level_ind": "National"}, {"state_abbr": "ND", "year": "2016", "pct_diff_from_mean": 0.0, "pct_value": 88.9, "level_ind": "National"}, {"state_abbr": "OH", "year": "2016", "pct_diff_from_mean": 0.0, "pct_value": 88.9, "level_ind": "National"}, {"state_abbr": "OK", "year": "2016", "pct_diff_from_mean": 0.0, "pct_value": 88.9, "level_ind": "National"}, {"state_abbr": "OR", "year": "2016", "pct_diff_from_mean": 0.0, "pct_value": 88.9, "level_ind": "National"}, {"state_abbr": "PA", "year": "2016", "pct_diff_from_mean": 0.0, "pct_value": 88.9, "level_ind": "National"}, {"state_abbr": "RI", "year": "2016", "pct_diff_from_mean": 0.0, "pct_value": 88.9, "level_ind": "National"}, {"state_abbr": "SC", "year": "2016", "pct_diff_from_mean": 0.0, "pct_value": 88.9, "level_ind": "National"}, {"state_abbr": "SD", "year": "2016", "pct_diff_from_mean": 0.0, "pct_value": 88.9, "level_ind": "National"}, {"state_abbr": "TN", "year": "2016", "pct_diff_from_mean": 0.0, "pct_value": 88.9, "level_ind": "National"}, {"state_abbr": "TX", "year": "2016", "pct_diff_from_mean": 0.0, "pct_value": 88.9, "level_ind": "National"}, {"state_abbr": "UT", "year": "2016", "pct_diff_from_mean": 0.0, "pct_value": 88.9, "level_ind": "National"}, {"state_abbr": "VT", "year": "2016", "pct_diff_from_mean": 0.0, "pct_value": 88.9, "level_ind": "National"}, {"state_abbr": "VA", "year": "2016", "pct_diff_from_mean": 0.0, "pct_value": 88.9, "level_ind": "National"}, {"state_abbr": "WA", "year": "2016", "pct_diff_from_mean": 0.0, "pct_value": 88.9, "level_ind": "National"}, {"state_abbr": "WV", "year": "2016", "pct_diff_from_mean": 0.0, "pct_value": 88.9, "level_ind": "National"}, {"state_abbr": "WI", "year": "2016", "pct_diff_from_mean": 0.0, "pct_value": 88.9, "level_ind": "National"}, {"state_abbr": "WY", "year": "2016", "pct_diff_from_mean": 0.0, "pct_value": 88.9, "level_ind": "National"}, {"state_abbr": "AL", "year": "2017", "pct_diff_from_mean": 0.0, "pct_value": 90.3, "level_ind": "National"}, {"state_abbr": "AK", "year": "2017", "pct_diff_from_mean": 0.0, "pct_value": 90.3, "level_ind": "National"}, {"state_abbr": "AZ", "year": "2017", "pct_diff_from_mean": 0.0, "pct_value": 90.3, "level_ind": "National"}, {"state_abbr": "AR", "year": "2017", "pct_diff_from_mean": 0.0, "pct_value": 90.3, "level_ind": "National"}, {"state_abbr": "CA", "year": "2017", "pct_diff_from_mean": 0.0, "pct_value": 90.3, "level_ind": "National"}, {"state_abbr": "CO", "year": "2017", "pct_diff_from_mean": 0.0, "pct_value": 90.3, "level_ind": "National"}, {"state_abbr": "CT", "year": "2017", "pct_diff_from_mean": 0.0, "pct_value": 90.3, "level_ind": "National"}, {"state_abbr": "DE", "year": "2017", "pct_diff_from_mean": 0.0, "pct_value": 90.3, "level_ind": "National"}, {"state_abbr": "DC", "year": "2017", "pct_diff_from_mean": 0.0, "pct_value": 90.3, "level_ind": "National"}, {"state_abbr": "FL", "year": "2017", "pct_diff_from_mean": 0.0, "pct_value": 90.3, "level_ind": "National"}, {"state_abbr": "GA", "year": "2017", "pct_diff_from_mean": 0.0, "pct_value": 90.3, "level_ind": "National"}, {"state_abbr": "HI", "year": "2017", "pct_diff_from_mean": 0.0, "pct_value": 90.3, "level_ind": "National"}, {"state_abbr": "ID", "year": "2017", "pct_diff_from_mean": 0.0, "pct_value": 90.3, "level_ind": "National"}, {"state_abbr": "IL", "year": "2017", "pct_diff_from_mean": 0.0, "pct_value": 90.3, "level_ind": "National"}, {"state_abbr": "IN", "year": "2017", "pct_diff_from_mean": 0.0, "pct_value": 90.3, "level_ind": "National"}, {"state_abbr": "IA", "year": "2017", "pct_diff_from_mean": 0.0, "pct_value": 90.3, "level_ind": "National"}, {"state_abbr": "KS", "year": "2017", "pct_diff_from_mean": 0.0, "pct_value": 90.3, "level_ind": "National"}, {"state_abbr": "KY", "year": "2017", "pct_diff_from_mean": 0.0, "pct_value": 90.3, "level_ind": "National"}, {"state_abbr": "LA", "year": "2017", "pct_diff_from_mean": 0.0, "pct_value": 90.3, "level_ind": "National"}, {"state_abbr": "ME", "year": "2017", "pct_diff_from_mean": 0.0, "pct_value": 90.3, "level_ind": "National"}, {"state_abbr": "MD", "year": "2017", "pct_diff_from_mean": 0.0, "pct_value": 90.3, "level_ind": "National"}, {"state_abbr": "MA", "year": "2017", "pct_diff_from_mean": 0.0, "pct_value": 90.3, "level_ind": "National"}, {"state_abbr": "MI", "year": "2017", "pct_diff_from_mean": 0.0, "pct_value": 90.3, "level_ind": "National"}, {"state_abbr": "MN", "year": "2017", "pct_diff_from_mean": 0.0, "pct_value": 90.3, "level_ind": "National"}, {"state_abbr": "MS", "year": "2017", "pct_diff_from_mean": 0.0, "pct_value": 90.3, "level_ind": "National"}, {"state_abbr": "MO", "year": "2017", "pct_diff_from_mean": 0.0, "pct_value": 90.3, "level_ind": "National"}, {"state_abbr": "MT", "year": "2017", "pct_diff_from_mean": 0.0, "pct_value": 90.3, "level_ind": "National"}, {"state_abbr": "NE", "year": "2017", "pct_diff_from_mean": 0.0, "pct_value": 90.3, "level_ind": "National"}, {"state_abbr": "NV", "year": "2017", "pct_diff_from_mean": 0.0, "pct_value": 90.3, "level_ind": "National"}, {"state_abbr": "NH", "year": "2017", "pct_diff_from_mean": 0.0, "pct_value": 90.3, "level_ind": "National"}, {"state_abbr": "NJ", "year": "2017", "pct_diff_from_mean": 0.0, "pct_value": 90.3, "level_ind": "National"}, {"state_abbr": "NM", "year": "2017", "pct_diff_from_mean": 0.0, "pct_value": 90.3, "level_ind": "National"}, {"state_abbr": "NY", "year": "2017", "pct_diff_from_mean": 0.0, "pct_value": 90.3, "level_ind": "National"}, {"state_abbr": "NC", "year": "2017", "pct_diff_from_mean": 0.0, "pct_value": 90.3, "level_ind": "National"}, {"state_abbr": "ND", "year": "2017", "pct_diff_from_mean": 0.0, "pct_value": 90.3, "level_ind": "National"}, {"state_abbr": "OH", "year": "2017", "pct_diff_from_mean": 0.0, "pct_value": 90.3, "level_ind": "National"}, {"state_abbr": "OK", "year": "2017", "pct_diff_from_mean": 0.0, "pct_value": 90.3, "level_ind": "National"}, {"state_abbr": "OR", "year": "2017", "pct_diff_from_mean": 0.0, "pct_value": 90.3, "level_ind": "National"}, {"state_abbr": "PA", "year": "2017", "pct_diff_from_mean": 0.0, "pct_value": 90.3, "level_ind": "National"}, {"state_abbr": "RI", "year": "2017", "pct_diff_from_mean": 0.0, "pct_value": 90.3, "level_ind": "National"}, {"state_abbr": "SC", "year": "2017", "pct_diff_from_mean": 0.0, "pct_value": 90.3, "level_ind": "National"}, {"state_abbr": "SD", "year": "2017", "pct_diff_from_mean": 0.0, "pct_value": 90.3, "level_ind": "National"}, {"state_abbr": "TN", "year": "2017", "pct_diff_from_mean": 0.0, "pct_value": 90.3, "level_ind": "National"}, {"state_abbr": "TX", "year": "2017", "pct_diff_from_mean": 0.0, "pct_value": 90.3, "level_ind": "National"}, {"state_abbr": "UT", "year": "2017", "pct_diff_from_mean": 0.0, "pct_value": 90.3, "level_ind": "National"}, {"state_abbr": "VT", "year": "2017", "pct_diff_from_mean": 0.0, "pct_value": 90.3, "level_ind": "National"}, {"state_abbr": "VA", "year": "2017", "pct_diff_from_mean": 0.0, "pct_value": 90.3, "level_ind": "National"}, {"state_abbr": "WA", "year": "2017", "pct_diff_from_mean": 0.0, "pct_value": 90.3, "level_ind": "National"}, {"state_abbr": "WV", "year": "2017", "pct_diff_from_mean": 0.0, "pct_value": 90.3, "level_ind": "National"}, {"state_abbr": "WI", "year": "2017", "pct_diff_from_mean": 0.0, "pct_value": 90.3, "level_ind": "National"}, {"state_abbr": "WY", "year": "2017", "pct_diff_from_mean": 0.0, "pct_value": 90.3, "level_ind": "National"}]}}